user_id,first_name,last_name,mobile_number,email,password
1,Laura,Torrent,7133557946,ltorrent0@wsj.com,zvsuqmkq`@V
2,Tadio,Hastilow,7255585537,thastilow1@yahoo.co.jp,kalovjxhXp
3,Teodor,Gaukroger,7679201425,tgaukroger2@hostgator.com,"ypqdkirv`F"""
4,Zahara,Chattoe,4902630408,zchattoe3@example.com,tryiaksrjSZTI2
5,Shina,Fortin,3008887460,sfortin4@mapy.cz,elvkbynfq
6,Nikolai,McChruiter,1925780971,nmcchruiter5@woothemes.com,"aeiuccalVN""fpbi"""
7,Christopher,Kaaskooper,4177631371,ckaaskooper6@hud.gov,psgtbfveSukc(O
8,Malia,Stenners,1323077886,mstenners7@icq.com,vravrmemp
9,Fredric,Bineham,9177691482,fbineham8@nba.com,kyltiyyqq*n(y
10,Sully,Shotboult,5809829552,sshotboult9@illinois.edu,"cbphkhnu$f34,"
11,Findlay,Hardington,2558964504,fhardingtona@miibeian.gov.cn,qnmxpeupKatzV
12,Nessi,Quinsee,3739886085,nquinseeb@zdnet.com,xkywfbrr/SHQ7}
13,Alica,Tight,3585293566,atightc@adobe.com,ndilzdsu)yL~D`'c
14,Cindi,Strickler,4393844079,cstricklerd@latimes.com,xvvussymAB
15,Lemuel,Montague,1437189189,lmontaguee@timesonline.co.uk,yhdzdbgrqBd
16,Ezequiel,Brome,8814816779,ebromef@51.la,byygzwio!!gjR
17,Valentino,Sivyer,3827488498,vsivyerg@uol.com.br,uorsfczuU
18,Vikky,Stathor,7159104342,vstathorh@google.it,swynqomwV
19,Burl,Rosewall,9344991072,brosewalli@diigo.com,bzsryvrzS@Uaj
20,Ari,Liverock,4181138885,aliverockj@google.co.jp,opwbywdyja<nX{
21,Melicent,McGrane,7678512125,mmcgranek@chron.com,azzceiugL}Gu
22,Velvet,Embra,5733198778,vembral@about.me,equkvell5FL
23,Tybi,Sexcey,6467413211,tsexceym@google.co.jp,"nnorntem"""
24,Hana,Lapwood,7563659866,hlapwoodn@jalbum.net,onptixgg3X/T=eC
25,Penny,Ransome,3688592968,pransomeo@businesswire.com,luvxgdwlGu
26,Norry,Berzins,8469239263,nberzinsp@last.fm,ndsbfaxe
27,Juliann,Al Hirsi,1588610582,jalhirsiq@ifeng.com,cmnabvkam
28,Lavinia,Maxted,1686896970,lmaxtedr@ed.gov,jgjlwrewsIROox
29,Ennis,Kondratyuk,1912366131,ekondratyuks@hugedomains.com,vcixdpuohOv
30,Mabel,Ballham,1023896896,mballhamt@yellowpages.com,mtvtjbnsG??J
31,Ingamar,Bener,9125275252,ibeneru@nhs.uk,knbwayabLJnNb
32,Ethe,Reef,3688499127,ereefv@buzzfeed.com,fifesytw+{M
33,Olenolin,Wapol,7504357469,owapolw@va.gov,bfbsembm=j
34,Nathalia,Burkett,9762607733,nburkettx@tripadvisor.com,xygxynuetb5WE#_
35,Ephrem,Abelson,6269988984,eabelsony@utexas.edu,aesqlavr$(+tc
36,Jorie,Fenemore,5692238147,jfenemorez@un.org,lxaqlhex}J
37,Aksel,Tallyn,7145601379,atallyn10@yelp.com,crfbpeee(8
38,Junia,Monard,8051405698,jmonard11@weather.com,ductfhev@vGj`Ji'
39,Courtenay,Carous,9992628416,ccarous12@artisteer.com,ljxmcokjS
40,Lilyan,Penrice,2003595396,lpenrice13@wikia.com,rbabwqeaF(<E
41,Antonin,Giraldon,2701337934,agiraldon14@zdnet.com,swatcqxe<
42,Ricca,Stockton,4913508908,rstockton15@odnoklassniki.ru,gehllqcoNuR
43,Crystal,Paradyce,6181802829,cparadyce16@github.io,zjrcxpnsxv5W
44,Dall,Harrismith,4964159338,dharrismith17@typepad.com,mcspjvebXPHCZ
45,Berny,Rendbaek,8591882310,brendbaek18@hubpages.com,eswxeaspSmVl
46,Gratia,Pfleger,1204883031,gpfleger19@plala.or.jp,gxfmhxgyd\a
47,Addi,Fulop,7366532058,afulop1a@sfgate.com,bygkjrzdP
48,Cory,Montel,6176927047,cmontel1b@biglobe.ne.jp,dvfajvva$mZT
49,Harrie,Satchel,7487355254,hsatchel1c@phoca.cz,siofozzu'I
50,Felix,Franceschielli,7241788239,ffranceschielli1d@creativecommons.org,bazuvxyh|Z7
51,Andras,Bridson,6767974068,abridson1e@google.com,csvinstq%6&
52,Maximilian,Insley,8631521910,minsley1f@nymag.com,rcnjldxre
53,Edlin,Ferres,7912394861,eferres1g@phpbb.com,ypvmcbxak
54,Fanchette,Rosenboim,5057418148,frosenboim1h@sfgate.com,euvfvyccm69(p9
55,Richie,Sydney,9276604880,rsydney1i@whitehouse.gov,llxqrywsQ8
56,Catharine,Tripcony,6285871505,ctripcony1j@msu.edu,uatyresr3}yDzf*M
57,Rocky,Beaglehole,3432325465,rbeaglehole1k@samsung.com,pvcozzdgo8&K%rJ
58,Agustin,Halwood,1921459825,ahalwood1l@webs.com,toomkjmuw_=sp
59,Huberto,Edson,2352330914,hedson1m@buzzfeed.com,izjshfmeUfWY.VU
60,Earvin,McCooke,4256605336,emccooke1n@topsy.com,xnehlcls%S6xENj+
61,Devin,Gilbard,9326366838,dgilbard1o@umn.edu,gkzvcuix0%Nzm
62,Adrian,Collen,7469565286,acollen1p@angelfire.com,qlaqzpzg\
63,Jared,Le Merchant,4344441786,jlemerchant1q@mac.com,wdhrlqcd8p
64,Syd,Yukhnevich,5802965990,syukhnevich1r@sciencedirect.com,tkxljippY?Ef*ny
65,Elaina,Guare,4094465163,eguare1s@princeton.edu,gczujlqob<$2H5
66,Torrey,Ninotti,2711346174,tninotti1t@ask.com,dioqdbxz)ALajco
67,Gaylene,Querrard,5836862830,gquerrard1u@hhs.gov,ekwjnnrlR
68,Zelig,Hymans,5732876409,zhymans1v@nature.com,"hgotelrbeZ)>K,"
69,Konrad,Boar,3324647992,kboar1w@drupal.org,wpxgkbafg1Ge92
70,Johna,Dimmock,3542918709,jdimmock1x@odnoklassniki.ru,fjatqqplrO@
71,Brigg,Babonau,1938604112,bbabonau1y@msu.edu,eaxkicaw/@=0
72,Daveen,Dondon,6854273000,ddondon1z@timesonline.co.uk,yfkiayqd~zIoLx5
73,Phaedra,Ekless,5708718979,pekless20@hud.gov,pigzzvzhFnD%qN.
74,Cicily,Benitti,4631135117,cbenitti21@yahoo.co.jp,bbitzwjvj
75,Gordie,Maykin,3444178664,gmaykin22@umn.edu,"lcvvehum4H""7$"
76,Sholom,Bedrosian,5848465106,sbedrosian23@unc.edu,rvjgvkhdwL~G9
77,Raphael,Feehely,6925785373,rfeehely24@statcounter.com,kpkwuznfPm5hfP_
78,Etti,Puckinghorne,9423404041,epuckinghorne25@tumblr.com,denofbxjb
79,Calli,Allsop,6236193318,callsop26@smh.com.au,jsxwlugu5m#I$
80,Onida,Fullylove,4558299573,ofullylove27@yelp.com,ommybpizTvX`nd
81,Prudi,Cutford,9204973233,pcutford28@amazon.co.jp,"eihnmieb""Wv"
82,Sisile,Jeannet,1832617777,sjeannet29@dot.gov,ycmwuffn>
83,Masha,Godson,9302882162,mgodson2a@usgs.gov,"rrdyawgu,\.HTP"
84,Arly,Handasyde,6472249858,ahandasyde2b@comsenz.com,egempyqjVmD&0
85,Kristos,Bracknell,6027103828,kbracknell2c@gravatar.com,yntacczdFEE`L
86,Daryl,Keaysell,3148033408,dkeaysell2d@ed.gov,jofqkyjmnAib5'AM
87,Rebecca,Medcraft,6569050119,rmedcraft2e@stumbleupon.com,ekgjfamv~Lx8
88,Ellen,Bruckner,1466258275,ebruckner2f@rakuten.co.jp,omgtkcljd
89,Anne,Guenther,2175075995,aguenther2g@geocities.com,azqvlcbh
90,Milena,Vouls,1154454021,mvouls2h@examiner.com,nolfcvbroBLrQL'
91,Loree,Husset,9329357040,lhusset2i@google.ca,"poxwogbiay,J/&V"
92,Billy,Petracek,4804997678,bpetracek2j@wunderground.com,"didaxgypdA"""
93,Kane,Francis,5438044289,kfrancis2k@1688.com,vlqoynae
94,Rubi,McKnish,1699997773,rmcknish2l@hexun.com,bwwpmrvc
95,Rutherford,Veart,8766365356,rveart2m@nasa.gov,exdbuwmzI
96,Ervin,Hubble,1777723362,ehubble2n@netvibes.com,"cvjehfmhFrcVE*r"""
97,Kristin,Letcher,7594290747,kletcher2o@yale.edu,wyroqywp%q
98,Ade,Sawer,3457650999,asawer2p@cbslocal.com,hqjmiopq&$!
99,Reynolds,Dupoy,6592882605,rdupoy2q@unc.edu,ozjlbitkd
100,Antoine,Gerardi,7156498294,agerardi2r@sfgate.com,izkjjtsi