order_id,email,order_date,total_amount,payment_id
1,ebraunstein0@narod.ru,2024-06-11T19:43:50Z,96880,34
2,npetworth1@sphinn.com,2024-03-04T00:29:28Z,34979,6
3,kbendan2@technorati.com,2024-09-10T08:34:06Z,22125,23
4,cbiddiss3@springer.com,2024-12-13T03:00:17Z,23933,8
5,fmuncer4@reuters.com,2025-01-14T21:39:39Z,64598,30
6,bgleave5@skyrock.com,2024-12-27T12:05:16Z,47864,32
7,rohegertie6@digg.com,2024-04-21T16:08:28Z,92866,2
8,pphuprate7@intel.com,2024-08-04T12:48:23Z,22131,34
9,bcroal8@ebay.co.uk,2024-09-19T05:46:10Z,50013,18
10,dwayne9@yolasite.com,2024-06-14T07:22:59Z,11127,39
11,gdjorevica@walmart.com,2024-04-12T05:08:07Z,44006,34
12,binstockb@abc.net.au,2024-03-15T02:58:27Z,23703,22
13,grestallc@webnode.com,2024-08-29T10:45:40Z,92914,46
14,tbevansd@princeton.edu,2024-11-20T00:10:15Z,25646,19
15,ebrockwelle@dion.ne.jp,2025-01-27T20:00:33Z,35365,42
16,labryf@mozilla.com,2024-10-29T04:38:48Z,20236,32
17,solivetog@yale.edu,2024-04-07T09:28:09Z,33816,4
18,vterringtonh@washington.edu,2024-04-21T10:11:44Z,4564,38
19,fpechti@mozilla.org,2024-10-18T17:56:11Z,25567,40
20,ckhadirj@biglobe.ne.jp,2024-11-10T14:08:08Z,36586,48
21,tstarlingk@psu.edu,2024-05-15T18:13:44Z,15690,5
22,alanceterl@java.com,2024-05-26T13:00:48Z,38146,7
23,ctuddenhamm@lycos.com,2024-09-18T18:28:38Z,40176,35
24,mcruwysn@de.vu,2024-04-20T08:08:10Z,23863,12
25,epoyzero@yahoo.co.jp,2024-07-01T09:50:15Z,61245,24
26,pmenurep@gmpg.org,2024-02-10T20:01:13Z,78092,40
27,obuglerq@ucoz.ru,2024-06-08T12:11:07Z,4502,6
28,jmckeandr@pbs.org,2024-04-14T20:42:54Z,85143,4
29,dcolcombs@hp.com,2024-07-02T06:54:28Z,50749,31
30,evargat@about.me,2024-02-22T17:37:39Z,21085,28
31,wlondonu@toplist.cz,2024-09-06T10:29:30Z,82340,10
32,nschouthedev@dot.gov,2024-06-08T16:34:17Z,36921,13
33,karendtw@pinterest.com,2024-12-12T04:28:18Z,38050,2
34,tclaytonx@boston.com,2024-09-15T11:19:51Z,75945,18
35,nfedorchenkoy@baidu.com,2024-11-03T11:43:49Z,85362,31
36,bruslingz@nationalgeographic.com,2024-06-16T17:55:06Z,61680,48
37,mjowle10@abc.net.au,2024-04-03T17:12:57Z,33644,35
38,aprescote11@comsenz.com,2024-07-18T20:26:45Z,73988,20
39,kwhetland12@acquirethisname.com,2024-08-26T19:11:22Z,56781,14
40,groo13@jugem.jp,2024-05-21T17:35:19Z,70777,18
41,rvidean14@telegraph.co.uk,2024-04-08T04:48:53Z,84648,12
42,fthirlwall15@ibm.com,2024-08-29T04:07:03Z,75190,8
43,gschapero16@com.com,2024-07-15T14:52:05Z,22669,31
44,lbrameld17@deviantart.com,2024-08-02T06:43:32Z,24121,36
45,glinkleter18@nbcnews.com,2024-06-29T14:35:32Z,20463,37
46,cprescote19@123-reg.co.uk,2024-11-15T15:07:00Z,86557,26
47,cvogel1a@mac.com,2024-08-24T18:34:34Z,88150,18
48,mdellatorre1b@acquirethisname.com,2024-10-25T10:14:47Z,75271,23
49,jsaladino1c@cam.ac.uk,2024-06-28T19:02:19Z,84900,31
50,jwickerson1d@scientificamerican.com,2024-07-26T20:58:17Z,31927,45
51,ebaron1e@scribd.com,2024-07-23T01:26:06Z,80525,48
52,candreia1f@home.pl,2024-06-28T01:27:52Z,46600,2
53,vlarner1g@reddit.com,2024-10-22T20:56:41Z,22362,1
54,iloughan1h@nature.com,2025-02-01T02:57:49Z,16121,16
55,jruppel1i@mozilla.org,2024-08-25T01:40:44Z,37476,10
56,aratcliff1j@cyberchimps.com,2024-05-20T08:54:19Z,92676,30
57,sdavidovici1k@npr.org,2025-01-07T10:36:08Z,45995,19
58,oglantz1l@berkeley.edu,2024-09-17T13:52:56Z,66248,31
59,pchilde1m@flavors.me,2024-09-12T08:05:21Z,86152,21
60,kdavis1n@i2i.jp,2024-12-27T06:55:58Z,84085,2
61,dgilleon1o@rakuten.co.jp,2024-03-19T20:42:02Z,32930,22
62,lmenichino1p@nih.gov,2024-08-03T16:48:40Z,48260,12
63,ldevereux1q@wired.com,2024-07-19T16:25:49Z,19387,13
64,bseccombe1r@cnn.com,2024-12-01T14:54:54Z,50132,36
65,wlailey1s@hexun.com,2024-06-14T12:29:28Z,81886,26
66,ikeirle1t@mozilla.com,2024-03-14T15:49:01Z,72700,18
67,thallor1u@usda.gov,2024-12-08T14:50:52Z,60985,19
68,estow1v@nbcnews.com,2025-01-24T00:23:53Z,51244,32
69,kjaan1w@oracle.com,2024-09-24T20:42:33Z,47165,36
70,jcrebo1x@engadget.com,2024-03-05T10:49:48Z,87151,14
71,mmcaneny1y@merriam-webster.com,2024-05-25T15:22:36Z,32789,42
72,abartolozzi1z@theglobeandmail.com,2024-08-07T12:32:01Z,87600,50
73,corrom20@time.com,2024-06-08T20:15:19Z,85028,28
74,jpiscopiello21@ustream.tv,2024-11-29T01:00:02Z,5711,17
75,tbeddie22@vinaora.com,2024-08-18T16:46:19Z,98453,7
76,lmortel23@altervista.org,2024-08-08T01:18:30Z,37554,39
77,ldurham24@vimeo.com,2024-12-19T05:00:12Z,60371,50
78,grothwell25@devhub.com,2025-01-17T04:50:36Z,48638,49
79,hlocard26@columbia.edu,2024-11-15T01:20:10Z,37040,15
80,wsudran27@imgur.com,2024-10-07T19:09:35Z,54901,21
81,jdoddrell28@bloglines.com,2024-05-08T02:50:32Z,26505,45
82,ccowley29@joomla.org,2024-12-18T04:58:39Z,96578,2
83,gstrasse2a@drupal.org,2024-04-24T05:30:59Z,42284,15
84,opennycuick2b@unicef.org,2024-10-21T20:37:37Z,28889,49
85,sivanshintsev2c@tamu.edu,2025-02-08T02:22:27Z,59784,44
86,rgyde2d@unblog.fr,2025-02-07T16:50:36Z,80381,44
87,amercy2e@psu.edu,2024-04-29T02:07:06Z,73075,9
88,dhenstridge2f@walmart.com,2024-08-14T03:53:48Z,9292,41
89,vlinnemann2g@google.nl,2024-03-16T03:25:20Z,35165,20
90,rpoulney2h@hao123.com,2024-02-26T14:39:45Z,14931,50
91,ppentycross2i@networksolutions.com,2024-08-05T03:17:29Z,4144,7
92,ikigelman2j@springer.com,2024-08-29T10:05:36Z,48628,9
93,gwilliment2k@army.mil,2025-01-13T17:00:30Z,72609,27
94,jandren2l@dmoz.org,2024-10-04T06:48:54Z,45910,18
95,gmeier2m@reverbnation.com,2024-06-27T13:11:16Z,95184,40
96,sbastick2n@economist.com,2024-06-25T03:01:45Z,38250,34
97,mbetchley2o@ftc.gov,2024-02-13T09:36:34Z,26194,49
98,kbartles2p@canalblog.com,2024-08-08T14:02:06Z,62358,34
99,btoleman2q@oakley.com,2024-09-13T23:09:56Z,47028,32
100,abukowski2r@telegraph.co.uk,2024-11-13T11:40:01Z,39275,48