product_id,product_name,description,price,discount,image,quantity,special_price,category_id
1,Cookie Chocolate Chip With,montes nascetur,31077,4913,http://dummyimage.com/195x100.png/cc0000/ffffff,302,13146,4
2,Berry Brulee,eu,71184,5245,http://dummyimage.com/198x100.png/dddddd/000000,866,19236,16
3,Salt - Celery,luctus et,56781,7703,http://dummyimage.com/218x100.png/cc0000/ffffff,659,10950,2
4,Mikes Hard Lemonade,massa,31140,5490,http://dummyimage.com/170x100.png/cc0000/ffffff,943,15403,16
5,Island Oasis - Strawberry,luctus et ultrices posuere,58165,9779,http://dummyimage.com/189x100.png/cc0000/ffffff,736,19071,4
6,"Oil - Food, Lacquer Spray",vitae nisl aenean lectus pellentesque,94786,4091,http://dummyimage.com/160x100.png/5fa2dd/ffffff,149,13718,15
7,"Tomatoes - Vine Ripe, Red",mauris non ligula pellentesque,70025,1069,http://dummyimage.com/172x100.png/5fa2dd/ffffff,672,19407,17
8,Wine - Merlot Vina Carmen,lorem vitae mattis nibh ligula,48641,7800,http://dummyimage.com/240x100.png/dddddd/000000,361,19753,5
9,Cheese Cheddar Processed,vivamus,90537,4515,http://dummyimage.com/104x100.png/ff4444/ffffff,203,16350,13
10,Coffee - French Vanilla Frothy,cubilia curae mauris viverra diam,48284,1603,http://dummyimage.com/218x100.png/cc0000/ffffff,470,19667,18
11,"Oil - Olive, Extra Virgin",nunc commodo placerat praesent blandit,31552,8532,http://dummyimage.com/210x100.png/5fa2dd/ffffff,457,17474,14
12,Coriander - Seed,felis sed interdum venenatis turpis,82951,2495,http://dummyimage.com/112x100.png/cc0000/ffffff,485,18737,20
13,"Wine - Red, Colio Cabernet",nisl aenean,46585,9079,http://dummyimage.com/115x100.png/cc0000/ffffff,36,13630,9
14,Trueblue - Blueberry 12x473ml,lorem id ligula suspendisse,45908,8720,http://dummyimage.com/226x100.png/dddddd/000000,304,19098,4
15,Fudge - Cream Fudge,justo maecenas rhoncus,53401,4468,http://dummyimage.com/217x100.png/ff4444/ffffff,144,19335,1
16,Lettuce - Arugula,turpis,96788,5366,http://dummyimage.com/183x100.png/dddddd/000000,336,11283,17
17,Propel Sport Drink,fusce,99445,9025,http://dummyimage.com/107x100.png/cc0000/ffffff,257,18168,19
18,Sugar - Fine,id ligula suspendisse ornare consequat,71752,9043,http://dummyimage.com/103x100.png/ff4444/ffffff,870,16685,2
19,Chocolate - Chips Compound,vitae ipsum,50529,1700,http://dummyimage.com/222x100.png/dddddd/000000,2,14796,1
20,Bread Cranberry Foccacia,nulla ac,51778,1310,http://dummyimage.com/136x100.png/dddddd/000000,427,15071,11
21,Wine - Guy Sage Touraine,bibendum morbi,75009,6996,http://dummyimage.com/200x100.png/5fa2dd/ffffff,64,19445,7
22,Five Alive Citrus,eget orci vehicula condimentum curabitur,82713,3593,http://dummyimage.com/184x100.png/cc0000/ffffff,669,16940,7
23,Wine - Delicato Merlot,etiam pretium iaculis justo in,56955,5640,http://dummyimage.com/201x100.png/cc0000/ffffff,824,19694,9
24,Nori Sea Weed,justo in blandit,86770,7938,http://dummyimage.com/102x100.png/cc0000/ffffff,623,11756,6
25,Eggwhite Frozen,ut suscipit,91671,9158,http://dummyimage.com/206x100.png/cc0000/ffffff,17,14543,2
26,Soup Knorr Chili With Beans,placerat,58257,3272,http://dummyimage.com/134x100.png/5fa2dd/ffffff,0,19750,19
27,Wine - Taylors Reserve,sollicitudin ut suscipit a,57838,8401,http://dummyimage.com/185x100.png/dddddd/000000,811,11968,16
28,Wine - Chateau Bonnet,ac tellus semper,86737,9872,http://dummyimage.com/133x100.png/ff4444/ffffff,430,17613,4
29,Wine - Cotes Du Rhone,viverra diam vitae,40937,9680,http://dummyimage.com/102x100.png/ff4444/ffffff,340,12918,14
30,"Juice - Apple, 1.36l",praesent blandit,80625,9160,http://dummyimage.com/190x100.png/cc0000/ffffff,550,16554,16
31,Soy Protein,tincidunt eget tempus vel pede,50476,7739,http://dummyimage.com/104x100.png/ff4444/ffffff,314,10162,12
32,Muffin Mix - Oatmeal,commodo vulputate justo in blandit,79722,8857,http://dummyimage.com/236x100.png/5fa2dd/ffffff,732,15470,19
33,"Lemonade - Strawberry, 591 Ml",platea dictumst etiam faucibus,41367,5749,http://dummyimage.com/164x100.png/ff4444/ffffff,244,11807,15
34,Flour - So Mix Cake White,mattis pulvinar nulla pede ullamcorper,98486,3685,http://dummyimage.com/141x100.png/ff4444/ffffff,300,10307,2
35,Napkin White - Starched,sit,30926,1087,http://dummyimage.com/114x100.png/5fa2dd/ffffff,293,19482,14
36,Lime Cordial - Roses,volutpat erat quisque erat,71738,2108,http://dummyimage.com/165x100.png/5fa2dd/ffffff,902,16425,11
37,Extract - Rum,vestibulum quam,91752,6682,http://dummyimage.com/245x100.png/5fa2dd/ffffff,60,17250,5
38,Bread - Crusty Italian Poly,justo sollicitudin ut suscipit,48587,9518,http://dummyimage.com/229x100.png/ff4444/ffffff,286,11304,7
39,Pork - Side Ribs,augue vel accumsan,40063,9349,http://dummyimage.com/157x100.png/ff4444/ffffff,754,10921,15
40,Wine - Cotes Du Rhone,luctus ultricies eu nibh,47285,2600,http://dummyimage.com/134x100.png/dddddd/000000,823,15294,19
41,Sprouts - Peppercress,hac,64742,5269,http://dummyimage.com/185x100.png/dddddd/000000,441,16802,5
42,Cheese - Comtomme,dis,62136,6950,http://dummyimage.com/192x100.png/cc0000/ffffff,145,17077,16
43,Kumquat,sit amet,94786,3988,http://dummyimage.com/243x100.png/cc0000/ffffff,170,18766,2
44,"Mushroom - Shitake, Dry",amet erat nulla tempus vivamus,71366,5094,http://dummyimage.com/157x100.png/cc0000/ffffff,134,10892,11
45,Cups 10oz Trans,luctus,56952,6728,http://dummyimage.com/106x100.png/ff4444/ffffff,899,16517,11
46,Table Cloth 72x144 White,justo in hac habitasse,52522,2209,http://dummyimage.com/206x100.png/dddddd/000000,684,11854,14
47,Puree - Mango,sem mauris laoreet ut rhoncus,76067,2544,http://dummyimage.com/160x100.png/cc0000/ffffff,224,13976,3
48,Tea - Jasmin Green,orci eget orci vehicula,99429,8720,http://dummyimage.com/170x100.png/ff4444/ffffff,372,19847,16
49,Bread - Italian Roll With Herbs,lacus,87515,3244,http://dummyimage.com/222x100.png/5fa2dd/ffffff,282,19023,19
50,"Pork - Back, Short Cut, Boneless",a,52086,1135,http://dummyimage.com/182x100.png/ff4444/ffffff,663,15851,16
51,"Star Anise, Whole",orci,60636,1668,http://dummyimage.com/189x100.png/5fa2dd/ffffff,532,12983,3
52,Lady Fingers,felis,74238,6431,http://dummyimage.com/144x100.png/ff4444/ffffff,546,10834,20
53,Hinge W Undercut,duis bibendum felis sed interdum,62008,2518,http://dummyimage.com/243x100.png/ff4444/ffffff,435,13356,4
54,Garlic,eros elementum pellentesque quisque porta,47760,5912,http://dummyimage.com/134x100.png/dddddd/000000,290,14517,16
55,Cheese - Wine,molestie sed justo pellentesque viverra,68480,3887,http://dummyimage.com/145x100.png/5fa2dd/ffffff,14,12186,14
56,Knife Plastic - White,sit,67430,7077,http://dummyimage.com/163x100.png/ff4444/ffffff,302,12779,3
57,Olives - Nicoise,diam vitae quam suspendisse,60701,5183,http://dummyimage.com/111x100.png/5fa2dd/ffffff,131,15328,8
58,"Pork - Loin, Center Cut",massa id lobortis,70776,3284,http://dummyimage.com/149x100.png/ff4444/ffffff,78,12477,13
59,Cucumber - Pickling Ontario,mi pede malesuada in,46482,1517,http://dummyimage.com/188x100.png/cc0000/ffffff,299,18731,6
60,Pie Filling - Cherry,et eros,39456,1247,http://dummyimage.com/150x100.png/ff4444/ffffff,917,18279,18
61,"Wine - White, Pinot Grigio",congue,30591,3527,http://dummyimage.com/142x100.png/ff4444/ffffff,699,10332,12
62,Lamb - Rack,dictumst,68178,5860,http://dummyimage.com/116x100.png/5fa2dd/ffffff,937,10294,20
63,Gherkin,in blandit,80003,6926,http://dummyimage.com/201x100.png/cc0000/ffffff,949,15285,19
64,Apples - Spartan,amet cursus id turpis,57296,2901,http://dummyimage.com/152x100.png/cc0000/ffffff,512,13313,8
65,Bread - Pita,nulla sed accumsan felis ut,69355,2746,http://dummyimage.com/196x100.png/5fa2dd/ffffff,687,10913,4
66,Cheese - Wine,duis bibendum felis sed,35576,5338,http://dummyimage.com/152x100.png/ff4444/ffffff,384,18155,14
67,Five Alive Citrus,ante vestibulum ante ipsum,69345,4839,http://dummyimage.com/184x100.png/ff4444/ffffff,751,10808,7
68,Cake - Dulce De Leche,erat vestibulum sed magna at,62268,4921,http://dummyimage.com/224x100.png/ff4444/ffffff,220,11313,3
69,Ocean Spray - Kiwi Strawberry,odio odio elementum eu interdum,59650,1617,http://dummyimage.com/180x100.png/5fa2dd/ffffff,103,11061,14
70,"Nut - Almond, Blanched, Whole",etiam pretium iaculis justo,51930,6932,http://dummyimage.com/239x100.png/5fa2dd/ffffff,66,15969,12
71,Tea - Camomele,consectetuer eget rutrum,75848,5356,http://dummyimage.com/112x100.png/cc0000/ffffff,664,13297,19
72,Cookies - Englishbay Wht,non mattis pulvinar nulla pede,57474,9503,http://dummyimage.com/210x100.png/ff4444/ffffff,157,19055,6
73,Lid Coffeecup 12oz D9542b,adipiscing,32781,8529,http://dummyimage.com/233x100.png/dddddd/000000,393,12904,17
74,Mushroom - Chanterelle Frozen,maecenas leo odio condimentum id,31915,7776,http://dummyimage.com/226x100.png/dddddd/000000,96,14866,17
75,Wine - Magnotta - Belpaese,non ligula,40087,2620,http://dummyimage.com/164x100.png/cc0000/ffffff,225,13770,8
76,"Cheese - Manchego, Spanish",ultrices,87578,1161,http://dummyimage.com/130x100.png/5fa2dd/ffffff,959,16283,8
77,Gelatine Leaves - Envelopes,dis,46358,2682,http://dummyimage.com/234x100.png/ff4444/ffffff,861,18317,20
78,"Artichokes - Knobless, White",donec semper sapien,46211,4963,http://dummyimage.com/213x100.png/5fa2dd/ffffff,115,14652,18
79,Mix - Cappucino Cocktail,in,79550,1887,http://dummyimage.com/137x100.png/5fa2dd/ffffff,213,10538,1
80,"Cheese - Brie, Triple Creme",nibh,68978,7756,http://dummyimage.com/138x100.png/dddddd/000000,186,14435,19
81,Cookies Almond Hazelnut,etiam faucibus cursus urna ut,35884,4857,http://dummyimage.com/247x100.png/5fa2dd/ffffff,683,12648,16
82,"Lemonade - Kiwi, 591 Ml",condimentum id luctus nec molestie,84545,9192,http://dummyimage.com/168x100.png/5fa2dd/ffffff,815,14970,10
83,Chef Hat 20cm,nascetur ridiculus mus etiam,39995,8069,http://dummyimage.com/203x100.png/ff4444/ffffff,961,12108,10
84,Versatainer Nc - 888,nascetur,81609,4924,http://dummyimage.com/131x100.png/dddddd/000000,364,11507,11
85,Salmon Steak - Cohoe 6 Oz,ligula nec,62689,4864,http://dummyimage.com/135x100.png/cc0000/ffffff,664,12722,1
86,"Lemonade - Black Cherry, 591 Ml",tellus nisi,61852,3973,http://dummyimage.com/248x100.png/ff4444/ffffff,884,18048,6
87,"Juice - Orange, Concentrate",justo,32252,5249,http://dummyimage.com/183x100.png/5fa2dd/ffffff,469,12504,5
88,Dish Towel,et ultrices posuere cubilia curae,88755,1412,http://dummyimage.com/134x100.png/dddddd/000000,978,18183,15
89,Cheese - Valancey,dui maecenas tristique est et,43503,4239,http://dummyimage.com/180x100.png/5fa2dd/ffffff,692,14592,7
90,Parsley - Dried,magnis dis parturient montes nascetur,59266,6524,http://dummyimage.com/173x100.png/5fa2dd/ffffff,144,19109,5
91,Ginger - Fresh,volutpat convallis morbi odio odio,33546,3701,http://dummyimage.com/105x100.png/dddddd/000000,68,17798,18
92,"Wine - White, Ej",in tempus,50835,9345,http://dummyimage.com/225x100.png/dddddd/000000,916,18869,14
93,"Capon - Breast, Wing On",a nibh in,66368,5845,http://dummyimage.com/166x100.png/ff4444/ffffff,645,17753,1
94,Cheese - Valancey,diam id,94487,8911,http://dummyimage.com/248x100.png/5fa2dd/ffffff,228,16739,19
95,Trout Rainbow Whole,quis augue,61002,3444,http://dummyimage.com/192x100.png/ff4444/ffffff,434,12525,6
96,Wine - Valpolicella Masi,nibh quisque id justo sit,49588,6913,http://dummyimage.com/133x100.png/5fa2dd/ffffff,761,11394,6
97,"Ecolab - Orange Frc, Cleaner",pretium quis,65797,6754,http://dummyimage.com/225x100.png/cc0000/ffffff,746,14461,9
98,Pepper - Chili Powder,vel nulla eget,33085,6805,http://dummyimage.com/121x100.png/dddddd/000000,139,14107,10
99,Puree - Mango,eleifend pede libero quis,66619,3327,http://dummyimage.com/112x100.png/5fa2dd/ffffff,880,19829,4
100,Wine - Acient Coast Caberne,luctus,79629,2954,http://dummyimage.com/176x100.png/ff4444/ffffff,142,16336,7